danceability,energy,key,loudness,mode,speechiness,acousticness,instrumentalness,liveness,valence,tempo,type,id,uri,track_href,analysis_url,duration_ms,time_signature
0.749,0.839,6,-4.847,1,0.297,0.0867,0,0.204,0.804,172.068,audio_features,55mcupbf7cIsuCEVAuTJVk,spotify:track:55mcupbf7cIsuCEVAuTJVk,https://api.spotify.com/v1/tracks/55mcupbf7cIsuCEVAuTJVk,https://api.spotify.com/v1/audio-analysis/55mcupbf7cIsuCEVAuTJVk,111000,4
0.573,0.581,10,-9.026,0,0.339,0.753,0.00000139,0.13,0.351,76.506,audio_features,57RtLWT7IpugV0yi5bsxJk,spotify:track:57RtLWT7IpugV0yi5bsxJk,https://api.spotify.com/v1/tracks/57RtLWT7IpugV0yi5bsxJk,https://api.spotify.com/v1/audio-analysis/57RtLWT7IpugV0yi5bsxJk,169347,4
0.8,0.719,7,-6.262,1,0.234,0.109,0,0.058,0.815,143.975,audio_features,5VyfAfp2Yt3qaeuvq55ll3,spotify:track:5VyfAfp2Yt3qaeuvq55ll3,https://api.spotify.com/v1/tracks/5VyfAfp2Yt3qaeuvq55ll3,https://api.spotify.com/v1/audio-analysis/5VyfAfp2Yt3qaeuvq55ll3,230854,4
0.778,0.632,8,-6.415,1,0.125,0.0404,0,0.0912,0.827,140.951,audio_features,3eWHY75nDgte70hh5yf4UW,spotify:track:3eWHY75nDgte70hh5yf4UW,https://api.spotify.com/v1/tracks/3eWHY75nDgte70hh5yf4UW,https://api.spotify.com/v1/audio-analysis/3eWHY75nDgte70hh5yf4UW,224029,4
0.797,0.852,8,-5.202,1,0.241,0.0555,0.0000245,0.0536,0.48,136.035,audio_features,2UwrB6Ge6mPfUV8yGvAfX7,spotify:track:2UwrB6Ge6mPfUV8yGvAfX7,https://api.spotify.com/v1/tracks/2UwrB6Ge6mPfUV8yGvAfX7,https://api.spotify.com/v1/audio-analysis/2UwrB6Ge6mPfUV8yGvAfX7,102353,4
0.743,0.663,2,-8.47,1,0.0507,0.0148,0.000666,0.393,0.415,132.012,audio_features,4HolRqFuNvTvoLR2l1gexi,spotify:track:4HolRqFuNvTvoLR2l1gexi,https://api.spotify.com/v1/tracks/4HolRqFuNvTvoLR2l1gexi,https://api.spotify.com/v1/audio-analysis/4HolRqFuNvTvoLR2l1gexi,100000,4
0.915,0.551,8,-10.49,1,0.343,0.0342,0,0.102,0.753,124.906,audio_features,6dS1JCvtMJQ1O9bseVLyJz,spotify:track:6dS1JCvtMJQ1O9bseVLyJz,https://api.spotify.com/v1/tracks/6dS1JCvtMJQ1O9bseVLyJz,https://api.spotify.com/v1/audio-analysis/6dS1JCvtMJQ1O9bseVLyJz,88320,4
0.798,0.835,9,-3.832,1,0.202,0.165,0,0.112,0.609,150.04,audio_features,3zCWbPJVp1egCgyoMYAsDN,spotify:track:3zCWbPJVp1egCgyoMYAsDN,https://api.spotify.com/v1/tracks/3zCWbPJVp1egCgyoMYAsDN,https://api.spotify.com/v1/audio-analysis/3zCWbPJVp1egCgyoMYAsDN,139240,4
0.827,0.804,9,-5.846,1,0.128,0.455,0.00000141,0.272,0.566,146.079,audio_features,0O4U6fVE1TwWYhM4fKr1Fh,spotify:track:0O4U6fVE1TwWYhM4fKr1Fh,https://api.spotify.com/v1/tracks/0O4U6fVE1TwWYhM4fKr1Fh,https://api.spotify.com/v1/audio-analysis/0O4U6fVE1TwWYhM4fKr1Fh,178588,4
0.83,0.707,2,-5.777,1,0.277,0.167,0,0.0797,0.682,146.154,audio_features,3yFf0EtFwkiVSbf8CK4CB3,spotify:track:3yFf0EtFwkiVSbf8CK4CB3,https://api.spotify.com/v1/tracks/3yFf0EtFwkiVSbf8CK4CB3,https://api.spotify.com/v1/audio-analysis/3yFf0EtFwkiVSbf8CK4CB3,190685,4
0.792,0.536,9,-10.784,1,0.0793,0.000809,0.00245,0.0804,0.451,100.047,audio_features,4KMKVNmgBs8L2MMkJ3iDtG,spotify:track:4KMKVNmgBs8L2MMkJ3iDtG,https://api.spotify.com/v1/tracks/4KMKVNmgBs8L2MMkJ3iDtG,https://api.spotify.com/v1/audio-analysis/4KMKVNmgBs8L2MMkJ3iDtG,149000,4
0.64,0.852,5,-6.81,0,0.039,0.00418,0.00000108,0.146,0.861,145.009,audio_features,2ODYKhD4xlPViKP4LrNAwD,spotify:track:2ODYKhD4xlPViKP4LrNAwD,https://api.spotify.com/v1/tracks/2ODYKhD4xlPViKP4LrNAwD,https://api.spotify.com/v1/audio-analysis/2ODYKhD4xlPViKP4LrNAwD,190000,4
0.774,0.853,1,-6.933,1,0.246,0.0275,0,0.0876,0.619,123.041,audio_features,6tQB8rJfdvILrxIxuKIRMu,spotify:track:6tQB8rJfdvILrxIxuKIRMu,https://api.spotify.com/v1/tracks/6tQB8rJfdvILrxIxuKIRMu,https://api.spotify.com/v1/audio-analysis/6tQB8rJfdvILrxIxuKIRMu,106000,4
0.839,0.629,3,-5.663,0,0.147,0.241,0,0.108,0.724,94.008,audio_features,4sTDuXa8uGDHwJdsXUqIBo,spotify:track:4sTDuXa8uGDHwJdsXUqIBo,https://api.spotify.com/v1/tracks/4sTDuXa8uGDHwJdsXUqIBo,https://api.spotify.com/v1/audio-analysis/4sTDuXa8uGDHwJdsXUqIBo,207772,4
0.668,0.459,6,-12.072,0,0.118,0.0499,0.000001,0.408,0.525,159.021,audio_features,4zHabeonyLGTgnR9R5RY3X,spotify:track:4zHabeonyLGTgnR9R5RY3X,https://api.spotify.com/v1/tracks/4zHabeonyLGTgnR9R5RY3X,https://api.spotify.com/v1/audio-analysis/4zHabeonyLGTgnR9R5RY3X,186415,4
0.816,0.433,1,-9.19,1,0.241,0.00471,0,0.132,0.676,147.942,audio_features,2lTWOBGyQkBRIgzCtomXSL,spotify:track:2lTWOBGyQkBRIgzCtomXSL,https://api.spotify.com/v1/tracks/2lTWOBGyQkBRIgzCtomXSL,https://api.spotify.com/v1/audio-analysis/2lTWOBGyQkBRIgzCtomXSL,225000,4
0.72,0.67,7,-8.39,1,0.167,0.0857,0,0.101,0.766,151.124,audio_features,3FVdWR0C2QAqXxhW1al2fT,spotify:track:3FVdWR0C2QAqXxhW1al2fT,https://api.spotify.com/v1/tracks/3FVdWR0C2QAqXxhW1al2fT,https://api.spotify.com/v1/audio-analysis/3FVdWR0C2QAqXxhW1al2fT,209801,4
0.75,0.772,10,-8.706,0,0.157,0.206,0,0.0748,0.561,139.98,audio_features,0V5c3isfSfyl7zQDtV9fAp,spotify:track:0V5c3isfSfyl7zQDtV9fAp,https://api.spotify.com/v1/tracks/0V5c3isfSfyl7zQDtV9fAp,https://api.spotify.com/v1/audio-analysis/0V5c3isfSfyl7zQDtV9fAp,224496,4
0.705,0.97,8,-3.28,1,0.259,0.241,0,0.289,0.766,99.97,audio_features,43kQu3PTBhCZCNhzaufAaX,spotify:track:43kQu3PTBhCZCNhzaufAaX,https://api.spotify.com/v1/tracks/43kQu3PTBhCZCNhzaufAaX,https://api.spotify.com/v1/audio-analysis/43kQu3PTBhCZCNhzaufAaX,194138,4
0.531,0.803,8,-3.929,0,0.339,0.325,0,0.368,0.414,97.51,audio_features,75bVc27bDSOAhMAL38cXpV,spotify:track:75bVc27bDSOAhMAL38cXpV,https://api.spotify.com/v1/tracks/75bVc27bDSOAhMAL38cXpV,https://api.spotify.com/v1/audio-analysis/75bVc27bDSOAhMAL38cXpV,191133,5
0.784,0.902,11,-5.308,0,0.0434,0.00308,0.000233,0.13,0.271,100.007,audio_features,481uvgYccF51OUrEzIbop2,spotify:track:481uvgYccF51OUrEzIbop2,https://api.spotify.com/v1/tracks/481uvgYccF51OUrEzIbop2,https://api.spotify.com/v1/audio-analysis/481uvgYccF51OUrEzIbop2,186041,4
0.751,0.72,6,-4.86,1,0.304,0.295,0,0.337,0.761,140.041,audio_features,6mKLhdZIMaHpZ9kbmq9SOS,spotify:track:6mKLhdZIMaHpZ9kbmq9SOS,https://api.spotify.com/v1/tracks/6mKLhdZIMaHpZ9kbmq9SOS,https://api.spotify.com/v1/audio-analysis/6mKLhdZIMaHpZ9kbmq9SOS,197674,4
0.816,0.667,7,-8.561,1,0.0758,0.235,0,0.0599,0.402,134.985,audio_features,0wSGClIhJMGkdamvWSTqX0,spotify:track:0wSGClIhJMGkdamvWSTqX0,https://api.spotify.com/v1/tracks/0wSGClIhJMGkdamvWSTqX0,https://api.spotify.com/v1/audio-analysis/0wSGClIhJMGkdamvWSTqX0,85333,3
0.878,0.6,6,-7.856,1,0.142,0.405,0,0.119,0.539,75.006,audio_features,0gQB2HvjH14xfWVmYEUafn,spotify:track:0gQB2HvjH14xfWVmYEUafn,https://api.spotify.com/v1/tracks/0gQB2HvjH14xfWVmYEUafn,https://api.spotify.com/v1/audio-analysis/0gQB2HvjH14xfWVmYEUafn,183891,4
0.754,0.475,1,-10.889,1,0.154,0.523,0,0.113,0.235,117.006,audio_features,1zYBkCM626hfZmjIS1QYiX,spotify:track:1zYBkCM626hfZmjIS1QYiX,https://api.spotify.com/v1/tracks/1zYBkCM626hfZmjIS1QYiX,https://api.spotify.com/v1/audio-analysis/1zYBkCM626hfZmjIS1QYiX,201384,4
0.895,0.479,11,-9.071,0,0.273,0.208,0,0.0902,0.719,146.049,audio_features,3UKwm5G898I1BvYt7uU4t0,spotify:track:3UKwm5G898I1BvYt7uU4t0,https://api.spotify.com/v1/tracks/3UKwm5G898I1BvYt7uU4t0,https://api.spotify.com/v1/audio-analysis/3UKwm5G898I1BvYt7uU4t0,134554,4
0.924,0.748,2,-3.645,1,0.188,0.174,0,0.207,0.381,121.063,audio_features,0br27hgKNVMLyXKS3qjLOu,spotify:track:0br27hgKNVMLyXKS3qjLOu,https://api.spotify.com/v1/tracks/0br27hgKNVMLyXKS3qjLOu,https://api.spotify.com/v1/audio-analysis/0br27hgKNVMLyXKS3qjLOu,209667,4
0.827,0.703,2,-4.623,1,0.112,0.0617,0,0.0484,0.586,137.043,audio_features,6u1rhQAvxkWLeuqUC3iJD0,spotify:track:6u1rhQAvxkWLeuqUC3iJD0,https://api.spotify.com/v1/tracks/6u1rhQAvxkWLeuqUC3iJD0,https://api.spotify.com/v1/audio-analysis/6u1rhQAvxkWLeuqUC3iJD0,214456,4
0.641,0.673,6,-7.017,0,0.0857,0.429,0,0.105,0.785,149.974,audio_features,2MCAs3ttHSuDm1RHL0rqTF,spotify:track:2MCAs3ttHSuDm1RHL0rqTF,https://api.spotify.com/v1/tracks/2MCAs3ttHSuDm1RHL0rqTF,https://api.spotify.com/v1/audio-analysis/2MCAs3ttHSuDm1RHL0rqTF,192107,4
0.798,0.567,7,-6.61,1,0.416,0.122,0,0.101,0.659,73.679,audio_features,7AJKmkPoSxic6mdUSjrbUZ,spotify:track:7AJKmkPoSxic6mdUSjrbUZ,https://api.spotify.com/v1/tracks/7AJKmkPoSxic6mdUSjrbUZ,https://api.spotify.com/v1/audio-analysis/7AJKmkPoSxic6mdUSjrbUZ,94054,4
0.847,0.845,1,-2.901,0,0.305,0.279,0,0.052,0.633,142.012,audio_features,3VYNqg6APRVQasDJnwlJ6H,spotify:track:3VYNqg6APRVQasDJnwlJ6H,https://api.spotify.com/v1/tracks/3VYNqg6APRVQasDJnwlJ6H,https://api.spotify.com/v1/audio-analysis/3VYNqg6APRVQasDJnwlJ6H,190986,4
0.567,0.797,1,-3.071,0,0.2,0.392,0,0.116,0.654,110.882,audio_features,4CF6itOplqlu7ilwLtYUl3,spotify:track:4CF6itOplqlu7ilwLtYUl3,https://api.spotify.com/v1/tracks/4CF6itOplqlu7ilwLtYUl3,https://api.spotify.com/v1/audio-analysis/4CF6itOplqlu7ilwLtYUl3,218732,3
0.752,0.905,11,-7.015,0,0.181,0.0931,0.000739,0.355,0.521,150.991,audio_features,59wSo3BVsBDZWMRKLwTpdv,spotify:track:59wSo3BVsBDZWMRKLwTpdv,https://api.spotify.com/v1/tracks/59wSo3BVsBDZWMRKLwTpdv,https://api.spotify.com/v1/audio-analysis/59wSo3BVsBDZWMRKLwTpdv,179107,4
0.856,0.602,0,-8.173,0,0.336,0.127,0,0.115,0.723,142.95,audio_features,07whpV2cnsEG3vk4qGxRQN,spotify:track:07whpV2cnsEG3vk4qGxRQN,https://api.spotify.com/v1/tracks/07whpV2cnsEG3vk4qGxRQN,https://api.spotify.com/v1/audio-analysis/07whpV2cnsEG3vk4qGxRQN,77203,4
0.45,0.952,2,-5.075,0,0.09,0.000243,0.00449,0.554,0.177,140.046,audio_features,2HhCeucatmy92kC1NHJYjQ,spotify:track:2HhCeucatmy92kC1NHJYjQ,https://api.spotify.com/v1/tracks/2HhCeucatmy92kC1NHJYjQ,https://api.spotify.com/v1/audio-analysis/2HhCeucatmy92kC1NHJYjQ,216033,4
0.883,0.558,1,-6.382,0,0.208,0.542,0.00000185,0.0934,0.537,153.99,audio_features,4gohbLz14XeqPbH5uxbZBz,spotify:track:4gohbLz14XeqPbH5uxbZBz,https://api.spotify.com/v1/tracks/4gohbLz14XeqPbH5uxbZBz,https://api.spotify.com/v1/audio-analysis/4gohbLz14XeqPbH5uxbZBz,204179,4
0.871,0.673,5,-5.363,0,0.352,0.287,0,0.219,0.683,152.085,audio_features,35tyQCmxn6cj2r7eAb4JXP,spotify:track:35tyQCmxn6cj2r7eAb4JXP,https://api.spotify.com/v1/tracks/35tyQCmxn6cj2r7eAb4JXP,https://api.spotify.com/v1/audio-analysis/35tyQCmxn6cj2r7eAb4JXP,162960,4
0.946,0.848,9,-3.668,1,0.158,0.513,0,0.112,0.652,120.026,audio_features,3Sd7FiZtfsVHKEvjshCsHC,spotify:track:3Sd7FiZtfsVHKEvjshCsHC,https://api.spotify.com/v1/tracks/3Sd7FiZtfsVHKEvjshCsHC,https://api.spotify.com/v1/audio-analysis/3Sd7FiZtfsVHKEvjshCsHC,184000,4
0.912,0.577,2,-6.657,1,0.401,0.106,0,0.0689,0.848,140.002,audio_features,6yE734jgKBYFAzymZ6Elal,spotify:track:6yE734jgKBYFAzymZ6Elal,https://api.spotify.com/v1/tracks/6yE734jgKBYFAzymZ6Elal,https://api.spotify.com/v1/audio-analysis/6yE734jgKBYFAzymZ6Elal,166853,4
0.851,0.686,11,-8.143,1,0.222,0.597,0.00000108,0.111,0.752,154.986,audio_features,0De4Cl3YncrwWkqJiJfA7k,spotify:track:0De4Cl3YncrwWkqJiJfA7k,https://api.spotify.com/v1/tracks/0De4Cl3YncrwWkqJiJfA7k,https://api.spotify.com/v1/audio-analysis/0De4Cl3YncrwWkqJiJfA7k,195344,4
0.742,0.423,1,-9.795,0,0.108,0.832,0.0000104,0.0644,0.712,75.026,audio_features,5mA2JwcgMq4FIIBKKKLsuW,spotify:track:5mA2JwcgMq4FIIBKKKLsuW,https://api.spotify.com/v1/tracks/5mA2JwcgMq4FIIBKKKLsuW,https://api.spotify.com/v1/audio-analysis/5mA2JwcgMq4FIIBKKKLsuW,194000,4
0.696,0.805,1,-7.082,1,0.253,0.203,0.0000076,0.227,0.283,131.716,audio_features,0E2IUIi4k7klypQqmEcrkt,spotify:track:0E2IUIi4k7klypQqmEcrkt,https://api.spotify.com/v1/tracks/0E2IUIi4k7klypQqmEcrkt,https://api.spotify.com/v1/audio-analysis/0E2IUIi4k7klypQqmEcrkt,149422,4
0.699,0.61,9,-6.9,1,0.231,0.00153,0.00000175,0.369,0.577,170.103,audio_features,27x1z3kAL3Jx5TF4HyikPG,spotify:track:27x1z3kAL3Jx5TF4HyikPG,https://api.spotify.com/v1/tracks/27x1z3kAL3Jx5TF4HyikPG,https://api.spotify.com/v1/audio-analysis/27x1z3kAL3Jx5TF4HyikPG,204000,4
0.853,0.616,6,-8.239,0,0.264,0.0104,0,0.0644,0.691,125.059,audio_features,5UcJfhiAQOqC5MtpwsM20t,spotify:track:5UcJfhiAQOqC5MtpwsM20t,https://api.spotify.com/v1/tracks/5UcJfhiAQOqC5MtpwsM20t,https://api.spotify.com/v1/audio-analysis/5UcJfhiAQOqC5MtpwsM20t,130560,4
0.833,0.813,4,-5.708,0,0.29,0.244,0,0.128,0.705,154.062,audio_features,4VdQCcXDuzb6Ks1yLT9FnO,spotify:track:4VdQCcXDuzb6Ks1yLT9FnO,https://api.spotify.com/v1/tracks/4VdQCcXDuzb6Ks1yLT9FnO,https://api.spotify.com/v1/audio-analysis/4VdQCcXDuzb6Ks1yLT9FnO,217760,4
0.85,0.853,8,-5.65,1,0.123,0.0155,0,0.105,0.734,142.03,audio_features,4uq48sO2YTTJ0l74R9tOdo,spotify:track:4uq48sO2YTTJ0l74R9tOdo,https://api.spotify.com/v1/tracks/4uq48sO2YTTJ0l74R9tOdo,https://api.spotify.com/v1/audio-analysis/4uq48sO2YTTJ0l74R9tOdo,136901,4
0.901,0.653,1,-6.199,1,0.308,0.466,0,0.21,0.551,132.979,audio_features,1UvYiDcJVolpUAQWpwrxNw,spotify:track:1UvYiDcJVolpUAQWpwrxNw,https://api.spotify.com/v1/tracks/1UvYiDcJVolpUAQWpwrxNw,https://api.spotify.com/v1/audio-analysis/1UvYiDcJVolpUAQWpwrxNw,173987,4
0.762,0.703,10,-7.951,0,0.306,0.206,0,0.0912,0.519,151.329,audio_features,0HkoTr9t0f6MeqGoUS3E3e,spotify:track:0HkoTr9t0f6MeqGoUS3E3e,https://api.spotify.com/v1/tracks/0HkoTr9t0f6MeqGoUS3E3e,https://api.spotify.com/v1/audio-analysis/0HkoTr9t0f6MeqGoUS3E3e,247178,4
0.726,0.715,5,-4.261,0,0.0662,0.00108,0.0000457,0.182,0.767,140.061,audio_features,6mkAhxAj1y5zvXWefkd9y7,spotify:track:6mkAhxAj1y5zvXWefkd9y7,https://api.spotify.com/v1/tracks/6mkAhxAj1y5zvXWefkd9y7,https://api.spotify.com/v1/audio-analysis/6mkAhxAj1y5zvXWefkd9y7,183428,4
0.864,0.629,1,-6.602,0,0.279,0.0987,0,0.0737,0.22,140.025,audio_features,3a1kMFVGEPa0dykTF9Sv9m,spotify:track:3a1kMFVGEPa0dykTF9Sv9m,https://api.spotify.com/v1/tracks/3a1kMFVGEPa0dykTF9Sv9m,https://api.spotify.com/v1/audio-analysis/3a1kMFVGEPa0dykTF9Sv9m,190972,4
0.666,0.589,0,-8.405,0,0.324,0.555,0,0.114,0.776,74.974,audio_features,4Y4diRGOGDxZcDh9qYwFVv,spotify:track:4Y4diRGOGDxZcDh9qYwFVv,https://api.spotify.com/v1/tracks/4Y4diRGOGDxZcDh9qYwFVv,https://api.spotify.com/v1/audio-analysis/4Y4diRGOGDxZcDh9qYwFVv,146053,4
0.574,0.729,10,-5.838,0,0.0965,0.0406,0.00000405,0.194,0.413,110.547,audio_features,1rssdvnvf0DZ4s2jdB3DCT,spotify:track:1rssdvnvf0DZ4s2jdB3DCT,https://api.spotify.com/v1/tracks/1rssdvnvf0DZ4s2jdB3DCT,https://api.spotify.com/v1/audio-analysis/1rssdvnvf0DZ4s2jdB3DCT,190239,5
0.87,0.565,6,-8.884,0,0.23,0.641,0,0.0688,0.619,79.993,audio_features,5HIaPHHvXP9D7lcDdFlvf9,spotify:track:5HIaPHHvXP9D7lcDdFlvf9,https://api.spotify.com/v1/tracks/5HIaPHHvXP9D7lcDdFlvf9,https://api.spotify.com/v1/audio-analysis/5HIaPHHvXP9D7lcDdFlvf9,171000,4
0.764,0.812,7,-4.946,1,0.179,0.202,0,0.126,0.742,139.961,audio_features,216QmkNpU3hIjeZtGocb9B,spotify:track:216QmkNpU3hIjeZtGocb9B,https://api.spotify.com/v1/tracks/216QmkNpU3hIjeZtGocb9B,https://api.spotify.com/v1/audio-analysis/216QmkNpU3hIjeZtGocb9B,194973,4
0.901,0.939,6,-2.762,1,0.274,0.117,0,0.0643,0.805,142.948,audio_features,205HNJ73cgpC0LAOnuQiWT,spotify:track:205HNJ73cgpC0LAOnuQiWT,https://api.spotify.com/v1/tracks/205HNJ73cgpC0LAOnuQiWT,https://api.spotify.com/v1/audio-analysis/205HNJ73cgpC0LAOnuQiWT,356347,4
0.922,0.712,7,-6.024,1,0.171,0.0779,0.0000396,0.175,0.904,104.964,audio_features,0jU7JpfPrm7jjaLjFLXZLh,spotify:track:0jU7JpfPrm7jjaLjFLXZLh,https://api.spotify.com/v1/tracks/0jU7JpfPrm7jjaLjFLXZLh,https://api.spotify.com/v1/audio-analysis/0jU7JpfPrm7jjaLjFLXZLh,161800,4
0.809,0.574,5,-8.546,0,0.385,0.4,0,0.105,0.756,151.974,audio_features,6Fn1k9ctMXsh5xrrMRaGQZ,spotify:track:6Fn1k9ctMXsh5xrrMRaGQZ,https://api.spotify.com/v1/tracks/6Fn1k9ctMXsh5xrrMRaGQZ,https://api.spotify.com/v1/audio-analysis/6Fn1k9ctMXsh5xrrMRaGQZ,185493,4
0.826,0.556,5,-8.516,0,0.191,0.684,0,0.119,0.591,150.067,audio_features,1NW4kNeeaRl5xxOnOLsYIJ,spotify:track:1NW4kNeeaRl5xxOnOLsYIJ,https://api.spotify.com/v1/tracks/1NW4kNeeaRl5xxOnOLsYIJ,https://api.spotify.com/v1/audio-analysis/1NW4kNeeaRl5xxOnOLsYIJ,187006,4
0.657,0.333,8,-13.553,1,0.526,0.0608,0,0.157,0.313,148.168,audio_features,4W1RGS4ncIY1yrz38rysN3,spotify:track:4W1RGS4ncIY1yrz38rysN3,https://api.spotify.com/v1/tracks/4W1RGS4ncIY1yrz38rysN3,https://api.spotify.com/v1/audio-analysis/4W1RGS4ncIY1yrz38rysN3,98615,4
0.671,0.584,9,-9.959,0,0.54,0.65,0,0.128,0.366,119.303,audio_features,1LWunyq4LMbOGjPD128dJy,spotify:track:1LWunyq4LMbOGjPD128dJy,https://api.spotify.com/v1/tracks/1LWunyq4LMbOGjPD128dJy,https://api.spotify.com/v1/audio-analysis/1LWunyq4LMbOGjPD128dJy,209440,5
0.792,0.627,0,-7.464,1,0.275,0.305,0,0.078,0.645,155.03,audio_features,4avTQmRrg717z7AuXqYY0V,spotify:track:4avTQmRrg717z7AuXqYY0V,https://api.spotify.com/v1/tracks/4avTQmRrg717z7AuXqYY0V,https://api.spotify.com/v1/audio-analysis/4avTQmRrg717z7AuXqYY0V,150915,4
0.878,0.622,2,-6.995,1,0.405,0.153,0,0.0917,0.638,84.991,audio_features,3Abk2vuXSoz1z9lJKjJkCr,spotify:track:3Abk2vuXSoz1z9lJKjJkCr,https://api.spotify.com/v1/tracks/3Abk2vuXSoz1z9lJKjJkCr,https://api.spotify.com/v1/audio-analysis/3Abk2vuXSoz1z9lJKjJkCr,163765,4
0.789,0.84,9,-5.29,1,0.097,0.0309,0,0.0916,0.494,136.059,audio_features,6pjtY9QtWHxTqPkTfGW0ru,spotify:track:6pjtY9QtWHxTqPkTfGW0ru,https://api.spotify.com/v1/tracks/6pjtY9QtWHxTqPkTfGW0ru,https://api.spotify.com/v1/audio-analysis/6pjtY9QtWHxTqPkTfGW0ru,84000,4
0.747,0.666,11,-7.845,1,0.197,0.13,0,0.36,0.531,77.507,audio_features,5wXJNvoVOZBmB9b4EDP8xW,spotify:track:5wXJNvoVOZBmB9b4EDP8xW,https://api.spotify.com/v1/tracks/5wXJNvoVOZBmB9b4EDP8xW,https://api.spotify.com/v1/audio-analysis/5wXJNvoVOZBmB9b4EDP8xW,177213,4
0.74,0.403,6,-9.311,0,0.0635,0.509,0.0247,0.104,0.331,138.013,audio_features,136fhifxcZQYs60Qgac9bm,spotify:track:136fhifxcZQYs60Qgac9bm,https://api.spotify.com/v1/tracks/136fhifxcZQYs60Qgac9bm,https://api.spotify.com/v1/audio-analysis/136fhifxcZQYs60Qgac9bm,173120,4
0.809,0.653,0,-7.178,0,0.306,0.335,0,0.11,0.639,139.981,audio_features,0rs6jxe3647mGSc7l18Cq8,spotify:track:0rs6jxe3647mGSc7l18Cq8,https://api.spotify.com/v1/tracks/0rs6jxe3647mGSc7l18Cq8,https://api.spotify.com/v1/audio-analysis/0rs6jxe3647mGSc7l18Cq8,199093,4
0.791,0.5,1,-9.805,0,0.42,0.603,0,0.0993,0.492,130.027,audio_features,0hkXsgdRk1TAOuOEpzznkI,spotify:track:0hkXsgdRk1TAOuOEpzznkI,https://api.spotify.com/v1/tracks/0hkXsgdRk1TAOuOEpzznkI,https://api.spotify.com/v1/audio-analysis/0hkXsgdRk1TAOuOEpzznkI,170582,4
0.722,0.736,3,-6.994,0,0.0585,0.431,0.00000118,0.123,0.582,89.86,audio_features,5T5mtNBCvVQ01WPr3MRzUY,spotify:track:5T5mtNBCvVQ01WPr3MRzUY,https://api.spotify.com/v1/tracks/5T5mtNBCvVQ01WPr3MRzUY,https://api.spotify.com/v1/audio-analysis/5T5mtNBCvVQ01WPr3MRzUY,208920,4
0.808,0.648,4,-5.49,0,0.273,0.396,0,0.117,0.658,149.978,audio_features,2fl01uGwbppFEci7qij1lU,spotify:track:2fl01uGwbppFEci7qij1lU,https://api.spotify.com/v1/tracks/2fl01uGwbppFEci7qij1lU,https://api.spotify.com/v1/audio-analysis/2fl01uGwbppFEci7qij1lU,180000,4
0.787,0.572,1,-7.516,1,0.222,0.145,0,0.0753,0.647,155.117,audio_features,5fEJDiHWMECUifmNipjvqO,spotify:track:5fEJDiHWMECUifmNipjvqO,https://api.spotify.com/v1/tracks/5fEJDiHWMECUifmNipjvqO,https://api.spotify.com/v1/audio-analysis/5fEJDiHWMECUifmNipjvqO,179413,4
0.757,0.451,2,-11.121,1,0.292,0.0485,0.00000156,0.337,0.506,150.035,audio_features,51SASYrlAU3DByPIsQFT9B,spotify:track:51SASYrlAU3DByPIsQFT9B,https://api.spotify.com/v1/tracks/51SASYrlAU3DByPIsQFT9B,https://api.spotify.com/v1/audio-analysis/51SASYrlAU3DByPIsQFT9B,167062,4
0.564,0.743,6,-5.782,1,0.22,0.584,0,0.101,0.191,168.849,audio_features,03JjVo4OYciAi88SEdtDii,spotify:track:03JjVo4OYciAi88SEdtDii,https://api.spotify.com/v1/tracks/03JjVo4OYciAi88SEdtDii,https://api.spotify.com/v1/audio-analysis/03JjVo4OYciAi88SEdtDii,185667,4
0.867,0.457,1,-7.908,1,0.237,0.0987,0,0.0967,0.193,101.052,audio_features,73csFz02rFRAGhlV7wFajY,spotify:track:73csFz02rFRAGhlV7wFajY,https://api.spotify.com/v1/tracks/73csFz02rFRAGhlV7wFajY,https://api.spotify.com/v1/audio-analysis/73csFz02rFRAGhlV7wFajY,210733,4
0.6,0.535,4,-12.028,1,0.376,0.274,0,0.0984,0.205,180.036,audio_features,3Wy1HGyh2hnHMF0xS2tJqH,spotify:track:3Wy1HGyh2hnHMF0xS2tJqH,https://api.spotify.com/v1/tracks/3Wy1HGyh2hnHMF0xS2tJqH,https://api.spotify.com/v1/audio-analysis/3Wy1HGyh2hnHMF0xS2tJqH,176000,3
0.83,0.612,10,-7.446,0,0.079,0.112,0,0.0892,0.252,97.989,audio_features,3ZkkwW0R78PahonxsdNZ4U,spotify:track:3ZkkwW0R78PahonxsdNZ4U,https://api.spotify.com/v1/tracks/3ZkkwW0R78PahonxsdNZ4U,https://api.spotify.com/v1/audio-analysis/3ZkkwW0R78PahonxsdNZ4U,243956,4
0.533,0.593,11,-5.284,1,0.0581,0.156,0.0262,0.0819,0.0888,128.646,audio_features,1l4RFBJ96hKYXRBl9AWCVt,spotify:track:1l4RFBJ96hKYXRBl9AWCVt,https://api.spotify.com/v1/tracks/1l4RFBJ96hKYXRBl9AWCVt,https://api.spotify.com/v1/audio-analysis/1l4RFBJ96hKYXRBl9AWCVt,158547,5
0.65,0.545,4,-7.712,0,0.0514,0.271,0.00000734,0.102,0.113,76.503,audio_features,063QMlz0AK9iDJmVZEc2fP,spotify:track:063QMlz0AK9iDJmVZEc2fP,https://api.spotify.com/v1/tracks/063QMlz0AK9iDJmVZEc2fP,https://api.spotify.com/v1/audio-analysis/063QMlz0AK9iDJmVZEc2fP,240924,4
0.795,0.492,0,-10.775,1,0.326,0.416,0,0.186,0.649,156.99,audio_features,5hlashYN7IwHpQ4PLtQNf4,spotify:track:5hlashYN7IwHpQ4PLtQNf4,https://api.spotify.com/v1/tracks/5hlashYN7IwHpQ4PLtQNf4,https://api.spotify.com/v1/audio-analysis/5hlashYN7IwHpQ4PLtQNf4,95533,4
0.849,0.813,11,-5.335,1,0.439,0.52,0,0.18,0.665,147.039,audio_features,3wG9ykVbw7fhfLsoZGPT1E,spotify:track:3wG9ykVbw7fhfLsoZGPT1E,https://api.spotify.com/v1/tracks/3wG9ykVbw7fhfLsoZGPT1E,https://api.spotify.com/v1/audio-analysis/3wG9ykVbw7fhfLsoZGPT1E,145853,4
0.828,0.748,1,-8.348,0,0.507,0.639,0,0.34,0.58,129.433,audio_features,1O4qKxSYi8Hs2nQEXrISZ4,spotify:track:1O4qKxSYi8Hs2nQEXrISZ4,https://api.spotify.com/v1/tracks/1O4qKxSYi8Hs2nQEXrISZ4,https://api.spotify.com/v1/audio-analysis/1O4qKxSYi8Hs2nQEXrISZ4,203048,4
0.853,0.668,3,-6.995,1,0.447,0.263,0,0.104,0.745,157.995,audio_features,5JIeLpAbKtpFrCSWeOAiwo,spotify:track:5JIeLpAbKtpFrCSWeOAiwo,https://api.spotify.com/v1/tracks/5JIeLpAbKtpFrCSWeOAiwo,https://api.spotify.com/v1/audio-analysis/5JIeLpAbKtpFrCSWeOAiwo,165363,4
0.689,0.68,7,-6.551,0,0.0774,0.392,0.00000122,0.107,0.567,75.445,audio_features,7tN7t8ECFVrExNd3qaqT3u,spotify:track:7tN7t8ECFVrExNd3qaqT3u,https://api.spotify.com/v1/tracks/7tN7t8ECFVrExNd3qaqT3u,https://api.spotify.com/v1/audio-analysis/7tN7t8ECFVrExNd3qaqT3u,168574,4
0.7,0.719,5,-6.12,1,0.09,0.725,0,0.116,0.429,143.971,audio_features,2EMTOyiYWGOIS3qg5jkcQT,spotify:track:2EMTOyiYWGOIS3qg5jkcQT,https://api.spotify.com/v1/tracks/2EMTOyiYWGOIS3qg5jkcQT,https://api.spotify.com/v1/audio-analysis/2EMTOyiYWGOIS3qg5jkcQT,149013,4
0.716,0.946,1,-3.412,1,0.261,0.094,0.0000663,0.0825,0.587,139.943,audio_features,6KigD0mlF4VGDYiSEzAyYw,spotify:track:6KigD0mlF4VGDYiSEzAyYw,https://api.spotify.com/v1/tracks/6KigD0mlF4VGDYiSEzAyYw,https://api.spotify.com/v1/audio-analysis/6KigD0mlF4VGDYiSEzAyYw,200571,4
0.875,0.474,1,-8.24,1,0.276,0.3,0.00000107,0.113,0.558,138.027,audio_features,66ks5ll4gswiaE7lfb2QMz,spotify:track:66ks5ll4gswiaE7lfb2QMz,https://api.spotify.com/v1/tracks/66ks5ll4gswiaE7lfb2QMz,https://api.spotify.com/v1/audio-analysis/66ks5ll4gswiaE7lfb2QMz,146480,4
0.829,0.708,10,-5.05,1,0.102,0.329,0,0.093,0.723,139.961,audio_features,7gi31ULI4vzNFUw8pokrfm,spotify:track:7gi31ULI4vzNFUw8pokrfm,https://api.spotify.com/v1/tracks/7gi31ULI4vzNFUw8pokrfm,https://api.spotify.com/v1/audio-analysis/7gi31ULI4vzNFUw8pokrfm,203813,4
0.75,0.758,6,-7.112,0,0.261,0.318,0,0.156,0.538,131.001,audio_features,7Khbx8MgVTwIJe8YBi8tci,spotify:track:7Khbx8MgVTwIJe8YBi8tci,https://api.spotify.com/v1/tracks/7Khbx8MgVTwIJe8YBi8tci,https://api.spotify.com/v1/audio-analysis/7Khbx8MgVTwIJe8YBi8tci,207907,4
0.908,0.61,9,-5.735,1,0.271,0.213,0.0000336,0.241,0.443,140.006,audio_features,2o7n4nINXpjbo9VpsHZ8Ik,spotify:track:2o7n4nINXpjbo9VpsHZ8Ik,https://api.spotify.com/v1/tracks/2o7n4nINXpjbo9VpsHZ8Ik,https://api.spotify.com/v1/audio-analysis/2o7n4nINXpjbo9VpsHZ8Ik,197613,4
0.506,0.881,5,-5.491,0,0.108,0.000163,0.00143,0.23,0.556,148.084,audio_features,4QMaRC93F0aFx3S648CLyh,spotify:track:4QMaRC93F0aFx3S648CLyh,https://api.spotify.com/v1/tracks/4QMaRC93F0aFx3S648CLyh,https://api.spotify.com/v1/audio-analysis/4QMaRC93F0aFx3S648CLyh,187322,4
0.581,0.85,5,-3.45,0,0.0734,0.185,0.00046,0.149,0.357,152.018,audio_features,0PieJw6d3jyki3JTxgZhIr,spotify:track:0PieJw6d3jyki3JTxgZhIr,https://api.spotify.com/v1/tracks/0PieJw6d3jyki3JTxgZhIr,https://api.spotify.com/v1/audio-analysis/0PieJw6d3jyki3JTxgZhIr,178809,4
0.568,0.788,2,-7.654,1,0.069,0.191,0.000176,0.0774,0.328,139.959,audio_features,3F1vWVOvzgKx7r5ZRp19gu,spotify:track:3F1vWVOvzgKx7r5ZRp19gu,https://api.spotify.com/v1/tracks/3F1vWVOvzgKx7r5ZRp19gu,https://api.spotify.com/v1/audio-analysis/3F1vWVOvzgKx7r5ZRp19gu,219077,4
0.64,0.957,8,-2.336,1,0.0741,0.0431,0,0.0789,0.692,134.992,audio_features,2UREu1Y8CO4jXkbvqAtP7g,spotify:track:2UREu1Y8CO4jXkbvqAtP7g,https://api.spotify.com/v1/tracks/2UREu1Y8CO4jXkbvqAtP7g,https://api.spotify.com/v1/audio-analysis/2UREu1Y8CO4jXkbvqAtP7g,178013,4
0.603,0.886,5,-3.777,0,0.0837,0.00045,0,0.26,0.395,126.025,audio_features,0i8JFpqe9cKwnrcvoNgl1L,spotify:track:0i8JFpqe9cKwnrcvoNgl1L,https://api.spotify.com/v1/tracks/0i8JFpqe9cKwnrcvoNgl1L,https://api.spotify.com/v1/audio-analysis/0i8JFpqe9cKwnrcvoNgl1L,229933,4
0.483,0.941,2,-3.598,0,0.0575,0.000526,0.0000035,0.31,0.503,156.033,audio_features,5O9Dz0h08LuBi0aVvDcylh,spotify:track:5O9Dz0h08LuBi0aVvDcylh,https://api.spotify.com/v1/tracks/5O9Dz0h08LuBi0aVvDcylh,https://api.spotify.com/v1/audio-analysis/5O9Dz0h08LuBi0aVvDcylh,232067,4
0.452,0.962,11,-3.063,0,0.0831,0.00901,0,0.065,0.566,164.032,audio_features,4Ahphc0UzRSoMpJRHgnGQK,spotify:track:4Ahphc0UzRSoMpJRHgnGQK,https://api.spotify.com/v1/tracks/4Ahphc0UzRSoMpJRHgnGQK,https://api.spotify.com/v1/audio-analysis/4Ahphc0UzRSoMpJRHgnGQK,208827,4
0.616,0.534,10,-10.264,0,0.483,0.639,0,0.0844,0.556,170.054,audio_features,3dl4lXWlOxnGo94OqNtpdq,spotify:track:3dl4lXWlOxnGo94OqNtpdq,https://api.spotify.com/v1/tracks/3dl4lXWlOxnGo94OqNtpdq,https://api.spotify.com/v1/audio-analysis/3dl4lXWlOxnGo94OqNtpdq,146480,4
0.802,0.549,5,-8.6,0,0.0631,0.268,0.00496,0.0984,0.498,138.984,audio_features,3DWDcsDoXRIFynCREIkibM,spotify:track:3DWDcsDoXRIFynCREIkibM,https://api.spotify.com/v1/tracks/3DWDcsDoXRIFynCREIkibM,https://api.spotify.com/v1/audio-analysis/3DWDcsDoXRIFynCREIkibM,184627,4
0.767,0.659,7,-4.541,1,0.0387,0.785,0,0.112,0.631,90.056,audio_features,6fmtZEUoGwxPNvUgr0NJm1,spotify:track:6fmtZEUoGwxPNvUgr0NJm1,https://api.spotify.com/v1/tracks/6fmtZEUoGwxPNvUgr0NJm1,https://api.spotify.com/v1/audio-analysis/6fmtZEUoGwxPNvUgr0NJm1,186720,4
0.752,0.468,0,-9.966,1,0.333,0.805,0,0.136,0.716,82.795,audio_features,2edc1m7WXxdBA61WlxSInp,spotify:track:2edc1m7WXxdBA61WlxSInp,https://api.spotify.com/v1/tracks/2edc1m7WXxdBA61WlxSInp,https://api.spotify.com/v1/audio-analysis/2edc1m7WXxdBA61WlxSInp,179253,4
0.797,0.654,8,-7.373,1,0.245,0.633,0,0.106,0.64,145.121,audio_features,3qjDXaWCalJ9ZzaHBG4j3V,spotify:track:3qjDXaWCalJ9ZzaHBG4j3V,https://api.spotify.com/v1/tracks/3qjDXaWCalJ9ZzaHBG4j3V,https://api.spotify.com/v1/audio-analysis/3qjDXaWCalJ9ZzaHBG4j3V,172520,4
0.357,0.98,6,-6.835,1,0.079,0.0000522,0.843,0.0768,0.368,96.969,audio_features,4pFC6tuWErxbO61oFFq3BQ,spotify:track:4pFC6tuWErxbO61oFFq3BQ,https://api.spotify.com/v1/tracks/4pFC6tuWErxbO61oFFq3BQ,https://api.spotify.com/v1/audio-analysis/4pFC6tuWErxbO61oFFq3BQ,242760,4
0.446,0.977,10,-5.036,0,0.0781,0.000535,0.472,0.105,0.339,172.059,audio_features,6V3SNkvi4BnfmZU0j7s9TQ,spotify:track:6V3SNkvi4BnfmZU0j7s9TQ,https://api.spotify.com/v1/tracks/6V3SNkvi4BnfmZU0j7s9TQ,https://api.spotify.com/v1/audio-analysis/6V3SNkvi4BnfmZU0j7s9TQ,284400,4
0.291,0.98,1,-5.138,1,0.153,0.00127,0.091,0.102,0.257,79.792,audio_features,1Ds58cpyJzL0YTKk02vh1C,spotify:track:1Ds58cpyJzL0YTKk02vh1C,https://api.spotify.com/v1/tracks/1Ds58cpyJzL0YTKk02vh1C,https://api.spotify.com/v1/audio-analysis/1Ds58cpyJzL0YTKk02vh1C,270920,4
0.462,0.974,1,-5.82,1,0.0816,0.0000294,0.723,0.0751,0.399,107.877,audio_features,77QKNMGwlnzxsTZPYfByMu,spotify:track:77QKNMGwlnzxsTZPYfByMu,https://api.spotify.com/v1/tracks/77QKNMGwlnzxsTZPYfByMu,https://api.spotify.com/v1/audio-analysis/77QKNMGwlnzxsTZPYfByMu,186576,3
0.338,0.988,8,-7.29,0,0.0865,0.0000835,0.833,0.0377,0.449,99.046,audio_features,3bQoMbPYOvvseHaSOWAQ3Q,spotify:track:3bQoMbPYOvvseHaSOWAQ3Q,https://api.spotify.com/v1/tracks/3bQoMbPYOvvseHaSOWAQ3Q,https://api.spotify.com/v1/audio-analysis/3bQoMbPYOvvseHaSOWAQ3Q,221960,4
0.256,0.952,7,-8.631,0,0.103,0.0000219,0.587,0.135,0.0724,144.481,audio_features,1sWcWDgthOikmqaHdfTfW2,spotify:track:1sWcWDgthOikmqaHdfTfW2,https://api.spotify.com/v1/tracks/1sWcWDgthOikmqaHdfTfW2,https://api.spotify.com/v1/audio-analysis/1sWcWDgthOikmqaHdfTfW2,206120,4
0.373,0.98,1,-5.016,0,0.122,0.000319,0.906,0.105,0.34,97.346,audio_features,10nOWGyxyXW42t9NH6BNSS,spotify:track:10nOWGyxyXW42t9NH6BNSS,https://api.spotify.com/v1/tracks/10nOWGyxyXW42t9NH6BNSS,https://api.spotify.com/v1/audio-analysis/10nOWGyxyXW42t9NH6BNSS,211947,4
0.13,0.947,8,-5.888,1,0.095,0.0000245,0.368,0.0453,0.334,60.631,audio_features,5WGvXmLt6acluR7TfhlHUH,spotify:track:5WGvXmLt6acluR7TfhlHUH,https://api.spotify.com/v1/tracks/5WGvXmLt6acluR7TfhlHUH,https://api.spotify.com/v1/audio-analysis/5WGvXmLt6acluR7TfhlHUH,272995,4
0.225,0.98,6,-5.626,1,0.143,0.00000584,0.86,0.0653,0.105,115.077,audio_features,4YWg4PxJzMn84j7Fo32W4M,spotify:track:4YWg4PxJzMn84j7Fo32W4M,https://api.spotify.com/v1/tracks/4YWg4PxJzMn84j7Fo32W4M,https://api.spotify.com/v1/audio-analysis/4YWg4PxJzMn84j7Fo32W4M,285907,4
0.571,0.996,10,-4.907,0,0.215,0.0000493,0.601,0.187,0.0468,94.992,audio_features,6m5EVmAlKhJwbQCT3xN5Kt,spotify:track:6m5EVmAlKhJwbQCT3xN5Kt,https://api.spotify.com/v1/tracks/6m5EVmAlKhJwbQCT3xN5Kt,https://api.spotify.com/v1/audio-analysis/6m5EVmAlKhJwbQCT3xN5Kt,211693,4
0.448,0.97,1,-4.197,1,0.105,0.000428,0.912,0.376,0.381,119.215,audio_features,6GjNQbnAPCFCxp45txPVfh,spotify:track:6GjNQbnAPCFCxp45txPVfh,https://api.spotify.com/v1/tracks/6GjNQbnAPCFCxp45txPVfh,https://api.spotify.com/v1/audio-analysis/6GjNQbnAPCFCxp45txPVfh,123880,4
0.363,0.994,8,-5.781,1,0.131,0.0000369,0.582,0.207,0.139,108.017,audio_features,7tLevkJnFLOMtOOUmhznQa,spotify:track:7tLevkJnFLOMtOOUmhznQa,https://api.spotify.com/v1/tracks/7tLevkJnFLOMtOOUmhznQa,https://api.spotify.com/v1/audio-analysis/7tLevkJnFLOMtOOUmhznQa,247564,4
0.251,0.981,10,-7.282,0,0.118,0.0000627,0.729,0.219,0.275,99.338,audio_features,6gP7mrmL9EsFS3sMpk3Ig3,spotify:track:6gP7mrmL9EsFS3sMpk3Ig3,https://api.spotify.com/v1/tracks/6gP7mrmL9EsFS3sMpk3Ig3,https://api.spotify.com/v1/audio-analysis/6gP7mrmL9EsFS3sMpk3Ig3,375307,4
0.297,0.993,9,-7.173,1,0.118,0.0000566,0.77,0.0766,0.178,127.693,audio_features,1SEE3lvWDlSYVEySrrAfMs,spotify:track:1SEE3lvWDlSYVEySrrAfMs,https://api.spotify.com/v1/tracks/1SEE3lvWDlSYVEySrrAfMs,https://api.spotify.com/v1/audio-analysis/1SEE3lvWDlSYVEySrrAfMs,182427,4
0.297,0.973,1,-4.505,1,0.151,0.00146,0.918,0.139,0.234,102.757,audio_features,1zXTJp4mMwu2y69LajfzFK,spotify:track:1zXTJp4mMwu2y69LajfzFK,https://api.spotify.com/v1/tracks/1zXTJp4mMwu2y69LajfzFK,https://api.spotify.com/v1/audio-analysis/1zXTJp4mMwu2y69LajfzFK,170520,4
0.184,0.974,8,-6.237,0,0.106,0.0000232,0.886,0.241,0.33,93.771,audio_features,107S1KOprUaRQqfI9nugxv,spotify:track:107S1KOprUaRQqfI9nugxv,https://api.spotify.com/v1/tracks/107S1KOprUaRQqfI9nugxv,https://api.spotify.com/v1/audio-analysis/107S1KOprUaRQqfI9nugxv,257390,3
0.358,0.977,8,-8.179,0,0.0727,0.0000818,0.924,0.103,0.449,137.681,audio_features,42es8ZJzFiOvjLR1yv0Sn7,spotify:track:42es8ZJzFiOvjLR1yv0Sn7,https://api.spotify.com/v1/tracks/42es8ZJzFiOvjLR1yv0Sn7,https://api.spotify.com/v1/audio-analysis/42es8ZJzFiOvjLR1yv0Sn7,194160,4
0.266,0.986,8,-8.346,0,0.166,0.000386,0.747,0.43,0.302,86.179,audio_features,5ycOd8aYjGCIrDfLNKqmKW,spotify:track:5ycOd8aYjGCIrDfLNKqmKW,https://api.spotify.com/v1/tracks/5ycOd8aYjGCIrDfLNKqmKW,https://api.spotify.com/v1/audio-analysis/5ycOd8aYjGCIrDfLNKqmKW,245773,4
0.29,0.934,10,-4.679,0,0.0962,0.000325,0.853,0.453,0.18,112.834,audio_features,3SP4UoCeEfG8OUevkxbPlX,spotify:track:3SP4UoCeEfG8OUevkxbPlX,https://api.spotify.com/v1/tracks/3SP4UoCeEfG8OUevkxbPlX,https://api.spotify.com/v1/audio-analysis/3SP4UoCeEfG8OUevkxbPlX,225867,3
0.138,0.991,8,-5.661,1,0.175,0.0000153,0.831,0.337,0.0718,94.443,audio_features,0HPmWGyYJ0xP1DYUWk8Fwm,spotify:track:0HPmWGyYJ0xP1DYUWk8Fwm,https://api.spotify.com/v1/tracks/0HPmWGyYJ0xP1DYUWk8Fwm,https://api.spotify.com/v1/audio-analysis/0HPmWGyYJ0xP1DYUWk8Fwm,244239,1
0.25,0.982,1,-7.911,0,0.145,0.0000581,0.000151,0.171,0.166,136.707,audio_features,5HRWatW5cXb8Ufy3An0LeS,spotify:track:5HRWatW5cXb8Ufy3An0LeS,https://api.spotify.com/v1/tracks/5HRWatW5cXb8Ufy3An0LeS,https://api.spotify.com/v1/audio-analysis/5HRWatW5cXb8Ufy3An0LeS,126333,4
0.247,0.992,8,-7.766,0,0.0772,0.0000285,0.799,0.0808,0.318,142.891,audio_features,27zu28YulIo7buGdzgN0bm,spotify:track:27zu28YulIo7buGdzgN0bm,https://api.spotify.com/v1/tracks/27zu28YulIo7buGdzgN0bm,https://api.spotify.com/v1/audio-analysis/27zu28YulIo7buGdzgN0bm,237093,4
0.196,0.983,8,-8.466,0,0.0818,0.00000305,0.919,0.0959,0.316,179.661,audio_features,4uy1mXLQUe6IW9BNUfZx15,spotify:track:4uy1mXLQUe6IW9BNUfZx15,https://api.spotify.com/v1/tracks/4uy1mXLQUe6IW9BNUfZx15,https://api.spotify.com/v1/audio-analysis/4uy1mXLQUe6IW9BNUfZx15,183827,4
0.454,0.968,6,-6.289,1,0.0787,0.0000173,0.338,0.0472,0.535,103.965,audio_features,3iZOVTPjyUEq9f5HsUQCj7,spotify:track:3iZOVTPjyUEq9f5HsUQCj7,https://api.spotify.com/v1/tracks/3iZOVTPjyUEq9f5HsUQCj7,https://api.spotify.com/v1/audio-analysis/3iZOVTPjyUEq9f5HsUQCj7,250262,4
0.245,0.915,1,-8.992,1,0.0718,0.0000986,0.704,0.633,0.482,101.017,audio_features,67gauLFb25vQYR7qMhNnTT,spotify:track:67gauLFb25vQYR7qMhNnTT,https://api.spotify.com/v1/tracks/67gauLFb25vQYR7qMhNnTT,https://api.spotify.com/v1/audio-analysis/67gauLFb25vQYR7qMhNnTT,228733,3
0.794,0.659,7,-7.063,0,0.0498,0.143,0.00224,0.0944,0.308,112.019,audio_features,6hzi3AGB39FjxFqcjgbWs7,spotify:track:6hzi3AGB39FjxFqcjgbWs7,https://api.spotify.com/v1/tracks/6hzi3AGB39FjxFqcjgbWs7,https://api.spotify.com/v1/audio-analysis/6hzi3AGB39FjxFqcjgbWs7,247460,4
0.777,0.698,6,-7.706,0,0.0704,0.293,0.0000232,0.0908,0.119,119.963,audio_features,6VSaNvPPagk4U5Skxp6XfV,spotify:track:6VSaNvPPagk4U5Skxp6XfV,https://api.spotify.com/v1/tracks/6VSaNvPPagk4U5Skxp6XfV,https://api.spotify.com/v1/audio-analysis/6VSaNvPPagk4U5Skxp6XfV,247161,4
0.592,0.371,9,-9.965,0,0.0437,0.4,0.000367,0.0953,0.197,127.966,audio_features,1gVnckXtTdCoLwtiPPqlQS,spotify:track:1gVnckXtTdCoLwtiPPqlQS,https://api.spotify.com/v1/tracks/1gVnckXtTdCoLwtiPPqlQS,https://api.spotify.com/v1/audio-analysis/1gVnckXtTdCoLwtiPPqlQS,316546,4
0.729,0.533,9,-10.104,0,0.444,0.747,0.00000454,0.0848,0.422,155.999,audio_features,1w2OwBeojIZI8hTI5WkMkV,spotify:track:1w2OwBeojIZI8hTI5WkMkV,https://api.spotify.com/v1/tracks/1w2OwBeojIZI8hTI5WkMkV,https://api.spotify.com/v1/audio-analysis/1w2OwBeojIZI8hTI5WkMkV,225953,4
0.798,0.564,2,-5.98,1,0.047,0.23,0.0000183,0.183,0.394,108.004,audio_features,295SxdR1DqunCNwd0U767w,spotify:track:295SxdR1DqunCNwd0U767w,https://api.spotify.com/v1/tracks/295SxdR1DqunCNwd0U767w,https://api.spotify.com/v1/audio-analysis/295SxdR1DqunCNwd0U767w,254218,4
0.826,0.76,11,-6.382,0,0.117,0.392,0,0.132,0.813,99.974,audio_features,6YHnhfw8yMCx4vZvsgem3D,spotify:track:6YHnhfw8yMCx4vZvsgem3D,https://api.spotify.com/v1/tracks/6YHnhfw8yMCx4vZvsgem3D,https://api.spotify.com/v1/audio-analysis/6YHnhfw8yMCx4vZvsgem3D,216285,4
0.784,0.7,7,-7.649,0,0.108,0.491,0,0.108,0.769,82.028,audio_features,00X2yv2vrtritPt2CZnUTZ,spotify:track:00X2yv2vrtritPt2CZnUTZ,https://api.spotify.com/v1/tracks/00X2yv2vrtritPt2CZnUTZ,https://api.spotify.com/v1/audio-analysis/00X2yv2vrtritPt2CZnUTZ,190067,4
0.539,0.487,1,-9.653,1,0.202,0.309,0,0.097,0.375,169.985,audio_features,0vfB1HhL36tfV8q6LLKtgo,spotify:track:0vfB1HhL36tfV8q6LLKtgo,https://api.spotify.com/v1/tracks/0vfB1HhL36tfV8q6LLKtgo,https://api.spotify.com/v1/audio-analysis/0vfB1HhL36tfV8q6LLKtgo,186353,4
0.688,0.569,10,-7.007,0,0.0375,0.392,0.000175,0.12,0.359,109.041,audio_features,4GCIYE1x1TWJCChPkpy9by,spotify:track:4GCIYE1x1TWJCChPkpy9by,https://api.spotify.com/v1/tracks/4GCIYE1x1TWJCChPkpy9by,https://api.spotify.com/v1/audio-analysis/4GCIYE1x1TWJCChPkpy9by,252373,4
0.745,0.456,8,-9.482,1,0.0874,0.44,0,0.072,0.124,94.032,audio_features,5n9NAd0Y5OUeOGU0nVtLua,spotify:track:5n9NAd0Y5OUeOGU0nVtLua,https://api.spotify.com/v1/tracks/5n9NAd0Y5OUeOGU0nVtLua,https://api.spotify.com/v1/audio-analysis/5n9NAd0Y5OUeOGU0nVtLua,314367,4
0.779,0.705,4,-7.834,0,0.0827,0.277,0,0.0804,0.228,103.048,audio_features,4LAGHmHcSt0HHwXCJcFri6,spotify:track:4LAGHmHcSt0HHwXCJcFri6,https://api.spotify.com/v1/tracks/4LAGHmHcSt0HHwXCJcFri6,https://api.spotify.com/v1/audio-analysis/4LAGHmHcSt0HHwXCJcFri6,233597,4
0.609,0.517,6,-7.557,0,0.0451,0.231,0.0000362,0.0777,0.0761,120.914,audio_features,0lkQfsTMmtDA37tjjew9n0,spotify:track:0lkQfsTMmtDA37tjjew9n0,https://api.spotify.com/v1/tracks/0lkQfsTMmtDA37tjjew9n0,https://api.spotify.com/v1/audio-analysis/0lkQfsTMmtDA37tjjew9n0,285627,4
0.715,0.682,7,-7.714,1,0.1,0.325,0.0000042,0.0928,0.136,103.037,audio_features,5UOGzIMvxXyRZIWBbqDcpU,spotify:track:5UOGzIMvxXyRZIWBbqDcpU,https://api.spotify.com/v1/tracks/5UOGzIMvxXyRZIWBbqDcpU,https://api.spotify.com/v1/audio-analysis/5UOGzIMvxXyRZIWBbqDcpU,230013,4
0.656,0.381,0,-8.757,0,0.0802,0.653,0,0.116,0.166,84.907,audio_features,1gRMO4h3NGb1ZJA7TNdMPj,spotify:track:1gRMO4h3NGb1ZJA7TNdMPj,https://api.spotify.com/v1/tracks/1gRMO4h3NGb1ZJA7TNdMPj,https://api.spotify.com/v1/audio-analysis/1gRMO4h3NGb1ZJA7TNdMPj,325556,4
0.648,0.465,6,-9.716,0,0.171,0.772,0.00000198,0.287,0.407,103.025,audio_features,7dn6WQzScfRGpp7XdTiCj0,spotify:track:7dn6WQzScfRGpp7XdTiCj0,https://api.spotify.com/v1/tracks/7dn6WQzScfRGpp7XdTiCj0,https://api.spotify.com/v1/audio-analysis/7dn6WQzScfRGpp7XdTiCj0,256281,4
0.734,0.425,0,-9.773,1,0.0635,0.131,0.0000171,0.0726,0.235,114.969,audio_features,2lFWyfuXtCN8Sb7cHJILva,spotify:track:2lFWyfuXtCN8Sb7cHJILva,https://api.spotify.com/v1/tracks/2lFWyfuXtCN8Sb7cHJILva,https://api.spotify.com/v1/audio-analysis/2lFWyfuXtCN8Sb7cHJILva,268347,4
0.762,0.6,5,-7.585,0,0.0909,0.542,0,0.0841,0.39,115.908,audio_features,2jBleFNl3YK8lyJc1OvxXt,spotify:track:2jBleFNl3YK8lyJc1OvxXt,https://api.spotify.com/v1/tracks/2jBleFNl3YK8lyJc1OvxXt,https://api.spotify.com/v1/audio-analysis/2jBleFNl3YK8lyJc1OvxXt,352627,4
0.909,0.582,7,-5.357,1,0.0665,0.0696,0.0000478,0.0984,0.844,126.063,audio_features,5gqh2FMBquUEwDsRUU4pCF,spotify:track:5gqh2FMBquUEwDsRUU4pCF,https://api.spotify.com/v1/tracks/5gqh2FMBquUEwDsRUU4pCF,https://api.spotify.com/v1/audio-analysis/5gqh2FMBquUEwDsRUU4pCF,249598,4
0.583,0.381,9,-10.033,0,0.0429,0.416,0.000226,0.0958,0.153,127.667,audio_features,6aH3QgooXRmx8k8jzrSm3V,spotify:track:6aH3QgooXRmx8k8jzrSm3V,https://api.spotify.com/v1/tracks/6aH3QgooXRmx8k8jzrSm3V,https://api.spotify.com/v1/audio-analysis/6aH3QgooXRmx8k8jzrSm3V,316378,4
0.803,0.624,7,-6.764,0,0.0477,0.451,0.000734,0.1,0.628,95.968,audio_features,1s3XtkdfT3obSCbQVWtvX9,spotify:track:1s3XtkdfT3obSCbQVWtvX9,https://api.spotify.com/v1/tracks/1s3XtkdfT3obSCbQVWtvX9,https://api.spotify.com/v1/audio-analysis/1s3XtkdfT3obSCbQVWtvX9,304524,4
0.213,0.0656,7,-24.81,1,0.0467,0.992,0.969,0.0699,0.0384,65.023,audio_features,3U8Fx7zNTQrctytkj6Gqgd,spotify:track:3U8Fx7zNTQrctytkj6Gqgd,https://api.spotify.com/v1/tracks/3U8Fx7zNTQrctytkj6Gqgd,https://api.spotify.com/v1/audio-analysis/3U8Fx7zNTQrctytkj6Gqgd,150147,3
0.701,0.341,1,-12.26,0,0.0418,0.499,0.903,0.359,0.163,105.513,audio_features,5xbuJuQsTVheVZvX2AJVIv,spotify:track:5xbuJuQsTVheVZvX2AJVIv,https://api.spotify.com/v1/tracks/5xbuJuQsTVheVZvX2AJVIv,https://api.spotify.com/v1/audio-analysis/5xbuJuQsTVheVZvX2AJVIv,151507,3
0.368,0.00363,1,-36.759,1,0.035,0.993,0.922,0.137,0.085,69.363,audio_features,1L4NadMj3Jj7YgGaikyhfr,spotify:track:1L4NadMj3Jj7YgGaikyhfr,https://api.spotify.com/v1/tracks/1L4NadMj3Jj7YgGaikyhfr,https://api.spotify.com/v1/audio-analysis/1L4NadMj3Jj7YgGaikyhfr,254000,3
0.191,0.0582,8,-25.398,1,0.0578,0.961,0.89,0.0941,0.0454,132.614,audio_features,3weNRklVDqb4Rr5MhKBR3D,spotify:track:3weNRklVDqb4Rr5MhKBR3D,https://api.spotify.com/v1/tracks/3weNRklVDqb4Rr5MhKBR3D,https://api.spotify.com/v1/audio-analysis/3weNRklVDqb4Rr5MhKBR3D,357707,1
0.261,0.0149,1,-27.528,1,0.0419,0.992,0.897,0.102,0.0382,75.296,audio_features,2d6ml9Qkx8r4EjuUyrdpRV,spotify:track:2d6ml9Qkx8r4EjuUyrdpRV,https://api.spotify.com/v1/tracks/2d6ml9Qkx8r4EjuUyrdpRV,https://api.spotify.com/v1/audio-analysis/2d6ml9Qkx8r4EjuUyrdpRV,286987,4
0.334,0.00732,4,-30.908,0,0.0355,0.991,0.952,0.0968,0.0964,60.171,audio_features,64LTn5fTsPR0QLy7bVYl9w,spotify:track:64LTn5fTsPR0QLy7bVYl9w,https://api.spotify.com/v1/tracks/64LTn5fTsPR0QLy7bVYl9w,https://api.spotify.com/v1/audio-analysis/64LTn5fTsPR0QLy7bVYl9w,241987,4
0.392,0.0536,4,-23.399,1,0.0571,0.995,0.867,0.0808,0.0417,71.286,audio_features,6YDgMoJ8ssOuKjQ6jiz4Kk,spotify:track:6YDgMoJ8ssOuKjQ6jiz4Kk,https://api.spotify.com/v1/tracks/6YDgMoJ8ssOuKjQ6jiz4Kk,https://api.spotify.com/v1/audio-analysis/6YDgMoJ8ssOuKjQ6jiz4Kk,234467,4
0.499,0.351,9,-11.509,0,0.0448,0.951,0.0000994,0.118,0.616,90.664,audio_features,28XMNc5If5BmJWYDU42gkw,spotify:track:28XMNc5If5BmJWYDU42gkw,https://api.spotify.com/v1/tracks/28XMNc5If5BmJWYDU42gkw,https://api.spotify.com/v1/audio-analysis/28XMNc5If5BmJWYDU42gkw,235947,4
0.364,0.00799,8,-33.09,1,0.0395,0.978,0.894,0.109,0.0674,101.226,audio_features,1eqyKmkcp7b2s1PU9fEZRS,spotify:track:1eqyKmkcp7b2s1PU9fEZRS,https://api.spotify.com/v1/tracks/1eqyKmkcp7b2s1PU9fEZRS,https://api.spotify.com/v1/audio-analysis/1eqyKmkcp7b2s1PU9fEZRS,216093,4
0.205,0.129,7,-18.197,1,0.0595,0.968,0.946,0.101,0.296,136.871,audio_features,7N2tmiKcG2bUgZkuRKXor4,spotify:track:7N2tmiKcG2bUgZkuRKXor4,https://api.spotify.com/v1/tracks/7N2tmiKcG2bUgZkuRKXor4,https://api.spotify.com/v1/audio-analysis/7N2tmiKcG2bUgZkuRKXor4,169924,4
0.335,0.0287,10,-27.4,1,0.041,0.991,0.888,0.0874,0.0371,67.446,audio_features,6mfmrVSe5Cm7cvsNwW6uJk,spotify:track:6mfmrVSe5Cm7cvsNwW6uJk,https://api.spotify.com/v1/tracks/6mfmrVSe5Cm7cvsNwW6uJk,https://api.spotify.com/v1/audio-analysis/6mfmrVSe5Cm7cvsNwW6uJk,328000,4
0.438,0.0825,9,-21.686,0,0.0695,0.983,0.0749,0.0461,0.37,106.275,audio_features,1seJCRhM5PqQ5xGebh0iQ0,spotify:track:1seJCRhM5PqQ5xGebh0iQ0,https://api.spotify.com/v1/tracks/1seJCRhM5PqQ5xGebh0iQ0,https://api.spotify.com/v1/audio-analysis/1seJCRhM5PqQ5xGebh0iQ0,270000,5
0.447,0.449,2,-10.634,1,0.0376,0.934,0.961,0.0697,0.036,92.468,audio_features,1BncfTJAWxrsxyT9culBrj,spotify:track:1BncfTJAWxrsxyT9culBrj,https://api.spotify.com/v1/tracks/1BncfTJAWxrsxyT9culBrj,https://api.spotify.com/v1/audio-analysis/1BncfTJAWxrsxyT9culBrj,315427,4
0.267,0.0024,1,-42.261,0,0.0531,0.995,0.897,0.0942,0.267,71.428,audio_features,0kckvKwPBjQuVLgwGnICAv,spotify:track:0kckvKwPBjQuVLgwGnICAv,https://api.spotify.com/v1/tracks/0kckvKwPBjQuVLgwGnICAv,https://api.spotify.com/v1/audio-analysis/0kckvKwPBjQuVLgwGnICAv,397773,4
0.463,0.155,5,-17.164,1,0.044,0.877,0.261,0.105,0.222,122.437,audio_features,0U69ZvJfshKs1OVIyW1E7B,spotify:track:0U69ZvJfshKs1OVIyW1E7B,https://api.spotify.com/v1/tracks/0U69ZvJfshKs1OVIyW1E7B,https://api.spotify.com/v1/audio-analysis/0U69ZvJfshKs1OVIyW1E7B,301720,4
0.23,0.0487,5,-27.675,1,0.0412,0.986,0.945,0.0679,0.101,134.839,audio_features,0H2VhGUC3P3hvwz8rdGIpC,spotify:track:0H2VhGUC3P3hvwz8rdGIpC,https://api.spotify.com/v1/tracks/0H2VhGUC3P3hvwz8rdGIpC,https://api.spotify.com/v1/audio-analysis/0H2VhGUC3P3hvwz8rdGIpC,203656,5
0.28,0.104,2,-19.802,1,0.0336,0.935,0.866,0.362,0.176,92.628,audio_features,5qVqMPQdfFywNQIOP7Ncdz,spotify:track:5qVqMPQdfFywNQIOP7Ncdz,https://api.spotify.com/v1/tracks/5qVqMPQdfFywNQIOP7Ncdz,https://api.spotify.com/v1/audio-analysis/5qVqMPQdfFywNQIOP7Ncdz,310000,4
0.191,0.0317,9,-35.616,0,0.0407,0.984,0.888,0.0974,0.142,135.974,audio_features,1mlLOJXeUrwviYpUHYeZE8,spotify:track:1mlLOJXeUrwviYpUHYeZE8,https://api.spotify.com/v1/tracks/1mlLOJXeUrwviYpUHYeZE8,https://api.spotify.com/v1/audio-analysis/1mlLOJXeUrwviYpUHYeZE8,150733,3
0.379,0.075,0,-20.328,1,0.0408,0.992,0.913,0.106,0.0353,68.232,audio_features,0OrZXWjGgGUuoIoqnLvtJN,spotify:track:0OrZXWjGgGUuoIoqnLvtJN,https://api.spotify.com/v1/tracks/0OrZXWjGgGUuoIoqnLvtJN,https://api.spotify.com/v1/audio-analysis/0OrZXWjGgGUuoIoqnLvtJN,241187,3
0.166,0.0551,9,-19.494,0,0.052,0.976,0.635,0.119,0.143,176.616,audio_features,3QPPP2YozZ5xmMmpDB3c9n,spotify:track:3QPPP2YozZ5xmMmpDB3c9n,https://api.spotify.com/v1/tracks/3QPPP2YozZ5xmMmpDB3c9n,https://api.spotify.com/v1/audio-analysis/3QPPP2YozZ5xmMmpDB3c9n,206520,3
0.318,0.0633,6,-23.869,1,0.0507,0.992,0.871,0.0831,0.0384,129.466,audio_features,1GBUqmdRjScFoG0cs8jEGZ,spotify:track:1GBUqmdRjScFoG0cs8jEGZ,https://api.spotify.com/v1/tracks/1GBUqmdRjScFoG0cs8jEGZ,https://api.spotify.com/v1/audio-analysis/1GBUqmdRjScFoG0cs8jEGZ,199133,3
0.456,0.456,11,-16.055,0,0.0535,0.973,0.353,0.186,0.974,144.489,audio_features,4XJXYvjW0CB2MLMk8l7Vdi,spotify:track:4XJXYvjW0CB2MLMk8l7Vdi,https://api.spotify.com/v1/tracks/4XJXYvjW0CB2MLMk8l7Vdi,https://api.spotify.com/v1/audio-analysis/4XJXYvjW0CB2MLMk8l7Vdi,210680,3
0.307,0.0515,4,-28.493,0,0.0324,0.708,0.631,0.42,0.154,128.056,audio_features,5xm20JNLHy9vUVrnmZS6Uj,spotify:track:5xm20JNLHy9vUVrnmZS6Uj,https://api.spotify.com/v1/tracks/5xm20JNLHy9vUVrnmZS6Uj,https://api.spotify.com/v1/audio-analysis/5xm20JNLHy9vUVrnmZS6Uj,125533,4
0.235,0.365,7,-13.864,1,0.0356,0.927,0.907,0.17,0.126,91.187,audio_features,7KrdT8Zk0WGeyNtaCwQR08,spotify:track:7KrdT8Zk0WGeyNtaCwQR08,https://api.spotify.com/v1/tracks/7KrdT8Zk0WGeyNtaCwQR08,https://api.spotify.com/v1/audio-analysis/7KrdT8Zk0WGeyNtaCwQR08,183667,3
0.263,0.202,1,-17.687,1,0.0408,0.984,0.905,0.089,0.12,71.462,audio_features,6yjpji2Jlie9S2zBm2GZwE,spotify:track:6yjpji2Jlie9S2zBm2GZwE,https://api.spotify.com/v1/tracks/6yjpji2Jlie9S2zBm2GZwE,https://api.spotify.com/v1/audio-analysis/6yjpji2Jlie9S2zBm2GZwE,545747,4
0.697,0.809,9,-8.197,1,0.0302,0.114,0.000521,0.183,0.98,125.941,audio_features,5nNmj1cLH3r4aA4XDJ2bgY,spotify:track:5nNmj1cLH3r4aA4XDJ2bgY,https://api.spotify.com/v1/tracks/5nNmj1cLH3r4aA4XDJ2bgY,https://api.spotify.com/v1/audio-analysis/5nNmj1cLH3r4aA4XDJ2bgY,214827,4
0.814,0.672,9,-12.068,1,0.0619,0.0435,0,0.061,0.933,109.394,audio_features,5uuJruktM9fMdN9Va0DUMl,spotify:track:5uuJruktM9fMdN9Va0DUMl,https://api.spotify.com/v1/tracks/5uuJruktM9fMdN9Va0DUMl,https://api.spotify.com/v1/audio-analysis/5uuJruktM9fMdN9Va0DUMl,300000,4
0.712,0.552,10,-15.485,0,0.0363,0.0752,0.0012,0.15,0.961,103.604,audio_features,1nD9xhaOKlHmZssLhVWRo1,spotify:track:1nD9xhaOKlHmZssLhVWRo1,https://api.spotify.com/v1/tracks/1nD9xhaOKlHmZssLhVWRo1,https://api.spotify.com/v1/audio-analysis/1nD9xhaOKlHmZssLhVWRo1,281667,4
0.648,0.751,8,-8.582,1,0.0806,0.0182,0.000401,0.0418,0.863,100.437,audio_features,4dwrL3Z5U2RZ6MZiKE2PgL,spotify:track:4dwrL3Z5U2RZ6MZiKE2PgL,https://api.spotify.com/v1/tracks/4dwrL3Z5U2RZ6MZiKE2PgL,https://api.spotify.com/v1/audio-analysis/4dwrL3Z5U2RZ6MZiKE2PgL,244827,4
0.889,0.646,7,-6.366,1,0.0668,0.195,0.0000319,0.0502,0.966,110.842,audio_features,0mLAgHQP1BOkoHhDu622BQ,spotify:track:0mLAgHQP1BOkoHhDu622BQ,https://api.spotify.com/v1/tracks/0mLAgHQP1BOkoHhDu622BQ,https://api.spotify.com/v1/audio-analysis/0mLAgHQP1BOkoHhDu622BQ,213427,4
0.68,0.877,5,-10.241,0,0.0353,0.191,0.000656,0.349,0.922,108.674,audio_features,1qiQduM84A0VeH8Y2uAbqi,spotify:track:1qiQduM84A0VeH8Y2uAbqi,https://api.spotify.com/v1/tracks/1qiQduM84A0VeH8Y2uAbqi,https://api.spotify.com/v1/audio-analysis/1qiQduM84A0VeH8Y2uAbqi,185107,4
0.72,0.828,5,-9.211,1,0.0462,0.185,0.429,0.0839,0.768,110.071,audio_features,3SnGymj6ijE2iuUfWxLo1q,spotify:track:3SnGymj6ijE2iuUfWxLo1q,https://api.spotify.com/v1/tracks/3SnGymj6ijE2iuUfWxLo1q,https://api.spotify.com/v1/audio-analysis/3SnGymj6ijE2iuUfWxLo1q,323347,4
0.608,0.471,0,-8.664,1,0.0945,0.446,0.00000363,0.369,0.682,70.702,audio_features,0rTkE0FmT4zT2xL6GXwosU,spotify:track:0rTkE0FmT4zT2xL6GXwosU,https://api.spotify.com/v1/tracks/0rTkE0FmT4zT2xL6GXwosU,https://api.spotify.com/v1/audio-analysis/0rTkE0FmT4zT2xL6GXwosU,165800,3
0.843,0.656,1,-11.184,1,0.0595,0.0466,0.0187,0.169,0.931,121.112,audio_features,6CSLNGruNhqpb5zhfs5n3i,spotify:track:6CSLNGruNhqpb5zhfs5n3i,https://api.spotify.com/v1/tracks/6CSLNGruNhqpb5zhfs5n3i,https://api.spotify.com/v1/audio-analysis/6CSLNGruNhqpb5zhfs5n3i,215653,4
0.62,0.573,0,-11.893,1,0.0423,0.271,0,0.0607,0.897,81.548,audio_features,0ikz6tENMONtK6qGkOrU3c,spotify:track:0ikz6tENMONtK6qGkOrU3c,https://api.spotify.com/v1/tracks/0ikz6tENMONtK6qGkOrU3c,https://api.spotify.com/v1/audio-analysis/0ikz6tENMONtK6qGkOrU3c,231333,4
0.598,0.673,2,-10.431,1,0.0693,0.0422,0.0000684,0.289,0.59,102.035,audio_features,40NRm1ZLvZpUSCUXAGGZ8J,spotify:track:40NRm1ZLvZpUSCUXAGGZ8J,https://api.spotify.com/v1/tracks/40NRm1ZLvZpUSCUXAGGZ8J,https://api.spotify.com/v1/audio-analysis/40NRm1ZLvZpUSCUXAGGZ8J,197693,4
0.651,0.639,3,-7.836,0,0.0583,0.019,0,0.0522,0.758,157.738,audio_features,45oFq8ZKV9KDhzYb2Rh1y4,spotify:track:45oFq8ZKV9KDhzYb2Rh1y4,https://api.spotify.com/v1/tracks/45oFq8ZKV9KDhzYb2Rh1y4,https://api.spotify.com/v1/audio-analysis/45oFq8ZKV9KDhzYb2Rh1y4,247440,4
0.461,0.918,4,-8.507,1,0.0959,0.405,0.00033,0.126,0.802,172.435,audio_features,4tyl9OMKMG8F2L0RUYQMH3,spotify:track:4tyl9OMKMG8F2L0RUYQMH3,https://api.spotify.com/v1/tracks/4tyl9OMKMG8F2L0RUYQMH3,https://api.spotify.com/v1/audio-analysis/4tyl9OMKMG8F2L0RUYQMH3,249960,4
0.684,0.64,5,-9.906,0,0.0309,0.221,0.0102,0.179,0.777,106.023,audio_features,7e176FKv7cq6SG9EXYMLoQ,spotify:track:7e176FKv7cq6SG9EXYMLoQ,https://api.spotify.com/v1/tracks/7e176FKv7cq6SG9EXYMLoQ,https://api.spotify.com/v1/audio-analysis/7e176FKv7cq6SG9EXYMLoQ,234267,4
0.862,0.624,3,-11.63,1,0.0565,0.0192,0.000153,0.0465,0.882,124.896,audio_features,3yDhZq8f17SmumVmEyCaRN,spotify:track:3yDhZq8f17SmumVmEyCaRN,https://api.spotify.com/v1/tracks/3yDhZq8f17SmumVmEyCaRN,https://api.spotify.com/v1/audio-analysis/3yDhZq8f17SmumVmEyCaRN,254240,4
0.677,0.616,10,-13.826,1,0.032,0.458,0.0132,0.349,0.851,114.223,audio_features,2aEuA8PSqLa17Y4hKPj5rr,spotify:track:2aEuA8PSqLa17Y4hKPj5rr,https://api.spotify.com/v1/tracks/2aEuA8PSqLa17Y4hKPj5rr,https://api.spotify.com/v1/audio-analysis/2aEuA8PSqLa17Y4hKPj5rr,226333,4
0.783,0.836,0,-9.223,0,0.0486,0.396,0.0236,0.135,0.831,108.966,audio_features,5zWZ9iNevP0397xB3jWV2z,spotify:track:5zWZ9iNevP0397xB3jWV2z,https://api.spotify.com/v1/tracks/5zWZ9iNevP0397xB3jWV2z,https://api.spotify.com/v1/audio-analysis/5zWZ9iNevP0397xB3jWV2z,222667,4
0.797,0.468,2,-9.28,0,0.0278,0.6,0.0000298,0.0623,0.628,108.628,audio_features,3DZnc4lcqJF8FJmRbjrmA0,spotify:track:3DZnc4lcqJF8FJmRbjrmA0,https://api.spotify.com/v1/tracks/3DZnc4lcqJF8FJmRbjrmA0,https://api.spotify.com/v1/audio-analysis/3DZnc4lcqJF8FJmRbjrmA0,248440,4
0.78,0.551,5,-13.038,0,0.0625,0.0613,0.104,0.0331,0.969,126.009,audio_features,1X4gWy941yRMvafHs4n2sQ,spotify:track:1X4gWy941yRMvafHs4n2sQ,https://api.spotify.com/v1/tracks/1X4gWy941yRMvafHs4n2sQ,https://api.spotify.com/v1/audio-analysis/1X4gWy941yRMvafHs4n2sQ,491933,4
0.832,0.553,7,-13.705,1,0.0487,0.0422,0.00356,0.249,0.89,119.825,audio_features,6Lphpr9Z6H282Sguw0dUWa,spotify:track:6Lphpr9Z6H282Sguw0dUWa,https://api.spotify.com/v1/tracks/6Lphpr9Z6H282Sguw0dUWa,https://api.spotify.com/v1/audio-analysis/6Lphpr9Z6H282Sguw0dUWa,215693,4
0.798,0.746,10,-8.639,1,0.0313,0.0304,0.361,0.0703,0.965,128.553,audio_features,1QqsAlhs7pxcXs9BMB1Nv5,spotify:track:1QqsAlhs7pxcXs9BMB1Nv5,https://api.spotify.com/v1/tracks/1QqsAlhs7pxcXs9BMB1Nv5,https://api.spotify.com/v1/audio-analysis/1QqsAlhs7pxcXs9BMB1Nv5,655213,4
0.651,0.811,10,-13.87,1,0.0318,0.0648,0.0293,0.1,0.962,112.126,audio_features,6VuIKS2Z27jCutIapgCUZF,spotify:track:6VuIKS2Z27jCutIapgCUZF,https://api.spotify.com/v1/tracks/6VuIKS2Z27jCutIapgCUZF,https://api.spotify.com/v1/audio-analysis/6VuIKS2Z27jCutIapgCUZF,186573,4
0.705,0.847,6,-2.588,1,0.0361,0.414,0.00000321,0.406,0.743,120.527,audio_features,7sMGwiS4vOMcz86ZY3vKYM,spotify:track:7sMGwiS4vOMcz86ZY3vKYM,https://api.spotify.com/v1/tracks/7sMGwiS4vOMcz86ZY3vKYM,https://api.spotify.com/v1/audio-analysis/7sMGwiS4vOMcz86ZY3vKYM,228120,4
0.819,0.811,6,-7.76,0,0.0349,0.203,0.00558,0.139,0.766,106.684,audio_features,4JsQkSOE4taeyhH3pv1een,spotify:track:4JsQkSOE4taeyhH3pv1een,https://api.spotify.com/v1/tracks/4JsQkSOE4taeyhH3pv1een,https://api.spotify.com/v1/audio-analysis/4JsQkSOE4taeyhH3pv1een,246760,4
0.656,0.9,5,-9.583,0,0.0354,0.0791,0.00142,0.354,0.947,108.698,audio_features,3P2zU7fEjnZRunH124QnJL,spotify:track:3P2zU7fEjnZRunH124QnJL,https://api.spotify.com/v1/tracks/3P2zU7fEjnZRunH124QnJL,https://api.spotify.com/v1/audio-analysis/3P2zU7fEjnZRunH124QnJL,183667,4
